{"cameraMode":{"drawMode":0,"name":"Shaded","section":"Shading Mode"},"sceneLighting":true,"audioPlay":false,"sceneViewState":{"m_AlwaysRefresh":false,"showFog":true,"showSkybox":true,"showFlares":true,"showImageEffects":true,"showParticleSystems":true,"showVisualEffectGraphs":true,"m_FxEnabled":true},"in2DMode":false,"pivot":{"x":-17.62116813659668,"y":3.3471603393554689,"z":91.602783203125},"rotation":{"x":0.0036901726853102447,"y":-0.018403688445687295,"z":-0.00005869587403140031,"w":-0.9998430609703064},"size":34.70729064941406,"orthographic":false}